"Id";"Designator";"Package";"Quantity";"Designation";"Supplier and ref";
1;"C5,C6";"C_0603_1608Metric_Pad1.08x0.95mm_HandSolder";2;"10pf";;;
2;"Cf1";"C_0402_1005Metric_Pad0.74x0.62mm_HandSolder";1;"0.3pf";;;
3;"JP2";"SolderJumper-2_P1.3mm_Bridged_Pad1.0x1.5mm";1;"Jumper_2_Bridged";;;
4;"C2,C1";"C_0402_1005Metric_Pad0.74x0.62mm_HandSolder";2;"100nF";;;
5;"J1";"TerminalBlock_bornier-2_P5.08mm";1;"Screw_Terminal_01x02";;;
6;"818";"WSON-8-1EP_3x3mm_P0.5mm_EP1.45x2.4mm";1;"OPA818xDRG";;;
7;"J2_sig1";"132414";1;"132414";;;
8;"C7,C3,C4,C8";"C_0402_1005Metric_Pad0.74x0.62mm_HandSolder";4;"10nF";;;
9;"Rf1";"R_1206_3216Metric_Pad1.30x1.75mm_HandSolder";1;"100k";;;
10;"Riso1";"R_1206_3216Metric_Pad1.30x1.75mm_HandSolder";1;"20";;;
11;"JP1";"SolderJumper-2_P1.3mm_Open_Pad1.0x1.5mm";1;"Jumper_2_Bridged";;;
12;"SiPM1";"SiPM_MicroFCJ-60035";1;"60035";;;
13;"J3";"TerminalBlock_bornier-3_P5.08mm";1;"Screw_Terminal_01x03";;;
